"Name_name","Name_url","Name_Program","Name_discrption","Name_discrption_url"
"»","https://www.scholars4dev.com/category/scholarships-list/","","",""
"1","https://www.scholars4dev.com/#section13300","","",""
"2","https://www.scholars4dev.com/#section8319","","",""
"3","https://www.scholars4dev.com/#section13233","","",""
"4","https://www.scholars4dev.com/#section11939","","",""
"5","https://www.scholars4dev.com/#section8647","","",""
"6","https://www.scholars4dev.com/#section8874","","",""
"7","https://www.scholars4dev.com/#section6179","","",""
"8","https://www.scholars4dev.com/#section6499","","",""
"9","https://www.scholars4dev.com/#section8801","","",""
"10","https://www.scholars4dev.com/#section4031","","",""
"Nottingham Developing Solutions Scholarships","https://www.scholars4dev.com/2763/developing-solutions-master-scholarships-at-university-of-nottingham/","University of Nottingham
Masters (MS) Degree","Deadline: 20 May 2022 (annual)
Study in: UK
Course starts September 2022",""
"Read More","https://www.scholars4dev.com/2763/developing-solutions-master-scholarships-at-university-of-nottingham/","","Read More","https://www.scholars4dev.com/2763/developing-solutions-master-scholarships-at-university-of-nottingham/"
"Leiden University Excellence Scholarships (LexS)","https://www.scholars4dev.com/1429/leiden-university-excellence-scholarship-for-non-eu-students/","Leiden University
Masters Degree","Deadline: 1 Feb/1 Oct (annual)
Study in: Netherlands
Next course starts Sept 2021/Feb 2022",""
"Read More","https://www.scholars4dev.com/1429/leiden-university-excellence-scholarship-for-non-eu-students/","","Read More","https://www.scholars4dev.com/1429/leiden-university-excellence-scholarship-for-non-eu-students/"
"Maastricht University Holland High Potential Scholarships for International Students","https://www.scholars4dev.com/2808/scholarships-for-high-potential-international-students-at-maastricht-university/","Maastricht University
Masters Degree","Deadline: 1 Feb 2022 (annual)
Study in: Netherlands
Course starts September 2022",""
"Read More","https://www.scholars4dev.com/2808/scholarships-for-high-potential-international-students-at-maastricht-university/","","Read More","https://www.scholars4dev.com/2808/scholarships-for-high-potential-international-students-at-maastricht-university/"
"Oxford Pershing Square Graduate Scholarships","https://www.scholars4dev.com/13195/oxford-perishing-square-graduate-scholarships/","Pershing Square Foundation
MBA/Masters Degree","Deadline: 12/21 Jan 2022 (annual)
Study in: UK
Course starts September 2022",""
"Read More","https://www.scholars4dev.com/13195/oxford-perishing-square-graduate-scholarships/","","Read More","https://www.scholars4dev.com/13195/oxford-perishing-square-graduate-scholarships/"
"Justus & Louise van Effen Excellence Scholarships for International Students at TU Delft","https://www.scholars4dev.com/10809/tu-delft-excellence-scholarships-for-international-students/","Delft University of Technology
Masters Degree","Deadline: 1 Dec 2021 (annual)
Study in: Netherlands
Course starts September 2022",""
"Read More","https://www.scholars4dev.com/10809/tu-delft-excellence-scholarships-for-international-students/","","Read More","https://www.scholars4dev.com/10809/tu-delft-excellence-scholarships-for-international-students/"
"Oxford-Weidenfeld and Hoffmann Scholarship and Leadership Programme","https://www.scholars4dev.com/2191/weidenfeld-scholarships-at-university-of-oxford/","University of Oxford
Masters Degree","Deadline: 7/21 Jan 2022 (annual)
Study in: UK
Course starts 2022",""
"Read More","https://www.scholars4dev.com/2191/weidenfeld-scholarships-at-university-of-oxford/","","Read More","https://www.scholars4dev.com/2191/weidenfeld-scholarships-at-university-of-oxford/"
"British Chevening Scholarships in UK for International Students","https://www.scholars4dev.com/3299/british-chevening-scholarships/","British Government/FCO
Masters Degree","Deadline: 2 Nov 2021 (annual)
Study in: UK
Course starts Sept/Oct 2022",""
"Read More","https://www.scholars4dev.com/3299/british-chevening-scholarships/","","Read More","https://www.scholars4dev.com/3299/british-chevening-scholarships/"
"Emile Boutmy Scholarships for Non-EU Students at Sciences Po","https://www.scholars4dev.com/2593/emile-boutmy-scholarships-for-non-eu-students/","Sciences Po
Bachelors/Masters Degree","Deadline: 30 Nov 2021/mid-Feb 2022 (annual)
Study in: France
Course starts September 2022",""
"Read More","https://www.scholars4dev.com/2593/emile-boutmy-scholarships-for-non-eu-students/","","Read More","https://www.scholars4dev.com/2593/emile-boutmy-scholarships-for-non-eu-students/"
"Donald A. Wehrung International Student Award","https://www.scholars4dev.com/22316/donald-a-wehrung-international-student-award/","Univ of British Columbia
Bachelor’s Degree","Deadline: 1 Dec 2021 (annual)
Study in: Canada
Course starts 2022",""
"Read More","https://www.scholars4dev.com/22316/donald-a-wehrung-international-student-award/","","Read More","https://www.scholars4dev.com/22316/donald-a-wehrung-international-student-award/"
"Read More","https://www.scholars4dev.com/2763/developing-solutions-master-scholarships-at-university-of-nottingham/","","Read More","https://www.scholars4dev.com/2763/developing-solutions-master-scholarships-at-university-of-nottingham/"
"Read More","https://www.scholars4dev.com/2763/developing-solutions-master-scholarships-at-university-of-nottingham/","","Read More","https://www.scholars4dev.com/2763/developing-solutions-master-scholarships-at-university-of-nottingham/"
"Leiden University Excellence Scholarships (LexS)","https://www.scholars4dev.com/1429/leiden-university-excellence-scholarship-for-non-eu-students/","Leiden University
Masters Degree","Deadline: 1 Feb/1 Oct (annual)
Study in: Netherlands
Next course starts Sept 2021/Feb 2022",""
"Read More","https://www.scholars4dev.com/1429/leiden-university-excellence-scholarship-for-non-eu-students/","","Read More","https://www.scholars4dev.com/1429/leiden-university-excellence-scholarship-for-non-eu-students/"
"Read More","https://www.scholars4dev.com/1429/leiden-university-excellence-scholarship-for-non-eu-students/","","Read More","https://www.scholars4dev.com/1429/leiden-university-excellence-scholarship-for-non-eu-students/"
"Read More","https://www.scholars4dev.com/1429/leiden-university-excellence-scholarship-for-non-eu-students/","","Read More","https://www.scholars4dev.com/1429/leiden-university-excellence-scholarship-for-non-eu-students/"
"Read More","https://www.scholars4dev.com/2808/scholarships-for-high-potential-international-students-at-maastricht-university/","","Read More","https://www.scholars4dev.com/2808/scholarships-for-high-potential-international-students-at-maastricht-university/"
"Read More","https://www.scholars4dev.com/2808/scholarships-for-high-potential-international-students-at-maastricht-university/","","Read More","https://www.scholars4dev.com/2808/scholarships-for-high-potential-international-students-at-maastricht-university/"
"Read More","https://www.scholars4dev.com/13195/oxford-perishing-square-graduate-scholarships/","","Read More","https://www.scholars4dev.com/13195/oxford-perishing-square-graduate-scholarships/"
"Read More","https://www.scholars4dev.com/13195/oxford-perishing-square-graduate-scholarships/","","Read More","https://www.scholars4dev.com/13195/oxford-perishing-square-graduate-scholarships/"
"Read More","https://www.scholars4dev.com/10809/tu-delft-excellence-scholarships-for-international-students/","","Read More","https://www.scholars4dev.com/10809/tu-delft-excellence-scholarships-for-international-students/"
"Read More","https://www.scholars4dev.com/10809/tu-delft-excellence-scholarships-for-international-students/","","Read More","https://www.scholars4dev.com/10809/tu-delft-excellence-scholarships-for-international-students/"
"Read More","https://www.scholars4dev.com/2191/weidenfeld-scholarships-at-university-of-oxford/","","Read More","https://www.scholars4dev.com/2191/weidenfeld-scholarships-at-university-of-oxford/"
"Read More","https://www.scholars4dev.com/2191/weidenfeld-scholarships-at-university-of-oxford/","","Read More","https://www.scholars4dev.com/2191/weidenfeld-scholarships-at-university-of-oxford/"
"Read More","https://www.scholars4dev.com/3299/british-chevening-scholarships/","","Read More","https://www.scholars4dev.com/3299/british-chevening-scholarships/"
"Read More","https://www.scholars4dev.com/3299/british-chevening-scholarships/","","Read More","https://www.scholars4dev.com/3299/british-chevening-scholarships/"
"Read More","https://www.scholars4dev.com/2593/emile-boutmy-scholarships-for-non-eu-students/","","Read More","https://www.scholars4dev.com/2593/emile-boutmy-scholarships-for-non-eu-students/"
"Read More","https://www.scholars4dev.com/2593/emile-boutmy-scholarships-for-non-eu-students/","","Read More","https://www.scholars4dev.com/2593/emile-boutmy-scholarships-for-non-eu-students/"
"Read More","https://www.scholars4dev.com/22316/donald-a-wehrung-international-student-award/","","Read More","https://www.scholars4dev.com/22316/donald-a-wehrung-international-student-award/"
"Read More","https://www.scholars4dev.com/22316/donald-a-wehrung-international-student-award/","","Read More","https://www.scholars4dev.com/22316/donald-a-wehrung-international-student-award/"
"Read More","https://www.scholars4dev.com/2269/clarendon-scholarships-at-university-of-oxford/","","Read More","https://www.scholars4dev.com/2269/clarendon-scholarships-at-university-of-oxford/"
"Read More","https://www.scholars4dev.com/2269/clarendon-scholarships-at-university-of-oxford/","","Read More","https://www.scholars4dev.com/2269/clarendon-scholarships-at-university-of-oxford/"
"Reach Oxford Scholarships for Developing Country Students","https://www.scholars4dev.com/3648/reach-oxford-undergraduate-scholarships-for-developing-country-students/","University of Oxford
Undergraduate Degree","Deadline: 15 Oct 2021/Feb 2022 (annual)
Study in: UK
Course starts October 2022",""
"Read More","https://www.scholars4dev.com/3648/reach-oxford-undergraduate-scholarships-for-developing-country-students/","","Read More","https://www.scholars4dev.com/3648/reach-oxford-undergraduate-scholarships-for-developing-country-students/"
"Read More","https://www.scholars4dev.com/3648/reach-oxford-undergraduate-scholarships-for-developing-country-students/","","Read More","https://www.scholars4dev.com/3648/reach-oxford-undergraduate-scholarships-for-developing-country-students/"
"Read More","https://www.scholars4dev.com/3648/reach-oxford-undergraduate-scholarships-for-developing-country-students/","","Read More","https://www.scholars4dev.com/3648/reach-oxford-undergraduate-scholarships-for-developing-country-students/"
"Read More","https://www.scholars4dev.com/6578/switzerland-univeristy-lausanne-scholarships-for-international-students/","","Read More","https://www.scholars4dev.com/6578/switzerland-univeristy-lausanne-scholarships-for-international-students/"
"Read More","https://www.scholars4dev.com/6578/switzerland-univeristy-lausanne-scholarships-for-international-students/","","Read More","https://www.scholars4dev.com/6578/switzerland-univeristy-lausanne-scholarships-for-international-students/"
"Read More","https://www.scholars4dev.com/20918/lester-b-pearson-international-scholarship-program-at-university-of-toronto/","","Read More","https://www.scholars4dev.com/20918/lester-b-pearson-international-scholarship-program-at-university-of-toronto/"
"Read More","https://www.scholars4dev.com/20918/lester-b-pearson-international-scholarship-program-at-university-of-toronto/","","Read More","https://www.scholars4dev.com/20918/lester-b-pearson-international-scholarship-program-at-university-of-toronto/"
"Read More","https://www.scholars4dev.com/2043/gates-scholarships-for-international-students-at-university-of-cambridge/","OPENS SEPT 2021","Read More","https://www.scholars4dev.com/2043/gates-scholarships-for-international-students-at-university-of-cambridge/"
"Read More","https://www.scholars4dev.com/2043/gates-scholarships-for-international-students-at-university-of-cambridge/","OPENS SEPT 2021","Read More","https://www.scholars4dev.com/2043/gates-scholarships-for-international-students-at-university-of-cambridge/"
"Read More","https://www.scholars4dev.com/26195/rosa-luxemburg-stiftung-scholarships-for-international-students/","","Read More","https://www.scholars4dev.com/26195/rosa-luxemburg-stiftung-scholarships-for-international-students/"
"Read More","https://www.scholars4dev.com/26195/rosa-luxemburg-stiftung-scholarships-for-international-students/","","Read More","https://www.scholars4dev.com/26195/rosa-luxemburg-stiftung-scholarships-for-international-students/"
"Read More","https://www.scholars4dev.com/27316/2022-ibrahim-leadership-fellowships/","","Read More","https://www.scholars4dev.com/27316/2022-ibrahim-leadership-fellowships/"
"Read More","https://www.scholars4dev.com/27316/2022-ibrahim-leadership-fellowships/","","Read More","https://www.scholars4dev.com/27316/2022-ibrahim-leadership-fellowships/"
"Read More","https://www.scholars4dev.com/1877/aauw-international-fellowships-in-usa-for-women/","","Read More","https://www.scholars4dev.com/1877/aauw-international-fellowships-in-usa-for-women/"
"Read More","https://www.scholars4dev.com/1877/aauw-international-fellowships-in-usa-for-women/","","Read More","https://www.scholars4dev.com/1877/aauw-international-fellowships-in-usa-for-women/"
"Read More","https://www.scholars4dev.com/8250/sheffield-hallam-university-scholarships-for-international-students/","","Read More","https://www.scholars4dev.com/8250/sheffield-hallam-university-scholarships-for-international-students/"
"Read More","https://www.scholars4dev.com/8250/sheffield-hallam-university-scholarships-for-international-students/","","Read More","https://www.scholars4dev.com/8250/sheffield-hallam-university-scholarships-for-international-students/"
"Read More","https://www.scholars4dev.com/2333/ilot-scholarships-at-university-of-british-columbia/","","Read More","https://www.scholars4dev.com/2333/ilot-scholarships-at-university-of-british-columbia/"
"Read More","https://www.scholars4dev.com/2333/ilot-scholarships-at-university-of-british-columbia/","","Read More","https://www.scholars4dev.com/2333/ilot-scholarships-at-university-of-british-columbia/"
"Vanier Canada Graduate Scholarships (Vanier CGS)","https://www.scholars4dev.com/6767/vanier-canada-scholarships-for-international-students/","Canadian Government
PhD Degree","Deadline: before 2 Nov 2021 (annual)
Study in: Canada
Course starts May/Sept 2022",""
"Read More","https://www.scholars4dev.com/6767/vanier-canada-scholarships-for-international-students/","","Read More","https://www.scholars4dev.com/6767/vanier-canada-scholarships-for-international-students/"
"Read More","https://www.scholars4dev.com/6767/vanier-canada-scholarships-for-international-students/","","Read More","https://www.scholars4dev.com/6767/vanier-canada-scholarships-for-international-students/"
"Read More","https://www.scholars4dev.com/6767/vanier-canada-scholarships-for-international-students/","","Read More","https://www.scholars4dev.com/6767/vanier-canada-scholarships-for-international-students/"
"Read More","https://www.scholars4dev.com/7672/netherlands-fellowship-program/","","Read More","https://www.scholars4dev.com/7672/netherlands-fellowship-program/"
"Read More","https://www.scholars4dev.com/7672/netherlands-fellowship-program/","","Read More","https://www.scholars4dev.com/7672/netherlands-fellowship-program/"
"Read More","https://www.scholars4dev.com/25420/knight-hennessy-scholars-at-stanford-university/","OPENS 1 AUG 2021","Read More","https://www.scholars4dev.com/25420/knight-hennessy-scholars-at-stanford-university/"
"Read More","https://www.scholars4dev.com/25420/knight-hennessy-scholars-at-stanford-university/","OPENS 1 AUG 2021","Read More","https://www.scholars4dev.com/25420/knight-hennessy-scholars-at-stanford-university/"
"Read More","https://www.scholars4dev.com/25669/griffith-remarkable-scholarship/","","Read More","https://www.scholars4dev.com/25669/griffith-remarkable-scholarship/"
"Read More","https://www.scholars4dev.com/25669/griffith-remarkable-scholarship/","","Read More","https://www.scholars4dev.com/25669/griffith-remarkable-scholarship/"
"Read More","https://www.scholars4dev.com/26192/friedrich-ebert-stiftung-scholarships/","","Read More","https://www.scholars4dev.com/26192/friedrich-ebert-stiftung-scholarships/"
"Read More","https://www.scholars4dev.com/26192/friedrich-ebert-stiftung-scholarships/","","Read More","https://www.scholars4dev.com/26192/friedrich-ebert-stiftung-scholarships/"
"Read More","https://www.scholars4dev.com/25678/japanese-government-mext-scholarships-for-young-leaders-program/","","Read More","https://www.scholars4dev.com/25678/japanese-government-mext-scholarships-for-young-leaders-program/"
"Read More","https://www.scholars4dev.com/25678/japanese-government-mext-scholarships-for-young-leaders-program/","","Read More","https://www.scholars4dev.com/25678/japanese-government-mext-scholarships-for-young-leaders-program/"
"Read More","https://www.scholars4dev.com/3667/rhodes-international-scholarships-at-oxford-university/","","Read More","https://www.scholars4dev.com/3667/rhodes-international-scholarships-at-oxford-university/"
"Read More","https://www.scholars4dev.com/3667/rhodes-international-scholarships-at-oxford-university/","","Read More","https://www.scholars4dev.com/3667/rhodes-international-scholarships-at-oxford-university/"
"Read More","https://www.scholars4dev.com/25540/the-deutschlandstipendium-at-german-universities/","","Read More","https://www.scholars4dev.com/25540/the-deutschlandstipendium-at-german-universities/"
"Read More","https://www.scholars4dev.com/25540/the-deutschlandstipendium-at-german-universities/","","Read More","https://www.scholars4dev.com/25540/the-deutschlandstipendium-at-german-universities/"
"Read More","https://www.scholars4dev.com/2053/international-scholarships-at-university-of-sydney/","","Read More","https://www.scholars4dev.com/2053/international-scholarships-at-university-of-sydney/"
"Read More","https://www.scholars4dev.com/2053/international-scholarships-at-university-of-sydney/","","Read More","https://www.scholars4dev.com/2053/international-scholarships-at-university-of-sydney/"
"DAAD Scholarships in Germany for Development-Related Postgraduate Courses","https://www.scholars4dev.com/1002/daad-scholarships-for-postgraduate-courses-with-special-relevance-to-developing-countries/","DAAD
Masters/PhD Degree","Deadline: Aug-Oct 2021 (annual)
Study in: Germany
Next course starts AY 2022/2023",""
"Read More","https://www.scholars4dev.com/1002/daad-scholarships-for-postgraduate-courses-with-special-relevance-to-developing-countries/","","Read More","https://www.scholars4dev.com/1002/daad-scholarships-for-postgraduate-courses-with-special-relevance-to-developing-countries/"
"Read More","https://www.scholars4dev.com/1002/daad-scholarships-for-postgraduate-courses-with-special-relevance-to-developing-countries/","","Read More","https://www.scholars4dev.com/1002/daad-scholarships-for-postgraduate-courses-with-special-relevance-to-developing-countries/"
"Read More","https://www.scholars4dev.com/1002/daad-scholarships-for-postgraduate-courses-with-special-relevance-to-developing-countries/","","Read More","https://www.scholars4dev.com/1002/daad-scholarships-for-postgraduate-courses-with-special-relevance-to-developing-countries/"
"Read More","https://www.scholars4dev.com/25687/postgraduate-scholarships-for-international-and-eu-students-at-nottingham-trent-university/","","Read More","https://www.scholars4dev.com/25687/postgraduate-scholarships-for-international-and-eu-students-at-nottingham-trent-university/"
"Read More","https://www.scholars4dev.com/25687/postgraduate-scholarships-for-international-and-eu-students-at-nottingham-trent-university/","","Read More","https://www.scholars4dev.com/25687/postgraduate-scholarships-for-international-and-eu-students-at-nottingham-trent-university/"
"Read More","https://www.scholars4dev.com/3795/adb-jsp-scholarships-for-asians-and-pacific-islanders/","","Read More","https://www.scholars4dev.com/3795/adb-jsp-scholarships-for-asians-and-pacific-islanders/"
"Read More","https://www.scholars4dev.com/3795/adb-jsp-scholarships-for-asians-and-pacific-islanders/","","Read More","https://www.scholars4dev.com/3795/adb-jsp-scholarships-for-asians-and-pacific-islanders/"
"Read More","https://www.scholars4dev.com/3902/rotary-international-ambassadorial-scholarships/","","Read More","https://www.scholars4dev.com/3902/rotary-international-ambassadorial-scholarships/"
"Read More","https://www.scholars4dev.com/3902/rotary-international-ambassadorial-scholarships/","","Read More","https://www.scholars4dev.com/3902/rotary-international-ambassadorial-scholarships/"
"Read More","https://www.scholars4dev.com/2887/hubert-humphrey-fellowships-for-international-students/","","Read More","https://www.scholars4dev.com/2887/hubert-humphrey-fellowships-for-international-students/"
"Read More","https://www.scholars4dev.com/2887/hubert-humphrey-fellowships-for-international-students/","","Read More","https://www.scholars4dev.com/2887/hubert-humphrey-fellowships-for-international-students/"
"Read More","https://www.scholars4dev.com/25811/tongarewa-scholarship-at-victoria-university-of-wellington/","","Read More","https://www.scholars4dev.com/25811/tongarewa-scholarship-at-victoria-university-of-wellington/"
"Read More","https://www.scholars4dev.com/25811/tongarewa-scholarship-at-victoria-university-of-wellington/","","Read More","https://www.scholars4dev.com/25811/tongarewa-scholarship-at-victoria-university-of-wellington/"
"Read More","https://www.scholars4dev.com/25969/finduddannelse-dk-sustainability-scholarship/","","Read More","https://www.scholars4dev.com/25969/finduddannelse-dk-sustainability-scholarship/"
"Read More","https://www.scholars4dev.com/25969/finduddannelse-dk-sustainability-scholarship/","","Read More","https://www.scholars4dev.com/25969/finduddannelse-dk-sustainability-scholarship/"
"Read More","https://www.scholars4dev.com/2876/usa-fulbright-scholarships-for-international-students/","","Read More","https://www.scholars4dev.com/2876/usa-fulbright-scholarships-for-international-students/"
"Read More","https://www.scholars4dev.com/2876/usa-fulbright-scholarships-for-international-students/","","Read More","https://www.scholars4dev.com/2876/usa-fulbright-scholarships-for-international-students/"
"Read More","https://www.scholars4dev.com/1398/macquarie-university-scholarships-for-international-students/","","Read More","https://www.scholars4dev.com/1398/macquarie-university-scholarships-for-international-students/"
"Read More","https://www.scholars4dev.com/1398/macquarie-university-scholarships-for-international-students/","","Read More","https://www.scholars4dev.com/1398/macquarie-university-scholarships-for-international-students/"
"University of Geneva Excellence Masters Fellowships","https://www.scholars4dev.com/13822/university-of-geneva-excellence-masters-fellowships/","University of Geneva
Masters (MS) Degree","Deadline: 15 March 2022 (annual)
Study in: Switzerland
Course starts September 2022",""
"Read More","https://www.scholars4dev.com/13822/university-of-geneva-excellence-masters-fellowships/","OPENS JAN 2022","Read More","https://www.scholars4dev.com/13822/university-of-geneva-excellence-masters-fellowships/"
"Read More","https://www.scholars4dev.com/13822/university-of-geneva-excellence-masters-fellowships/","OPENS JAN 2022","Read More","https://www.scholars4dev.com/13822/university-of-geneva-excellence-masters-fellowships/"
"Read More","https://www.scholars4dev.com/13822/university-of-geneva-excellence-masters-fellowships/","OPENS JAN 2022","Read More","https://www.scholars4dev.com/13822/university-of-geneva-excellence-masters-fellowships/"
"Read More","https://www.scholars4dev.com/6908/lund-university-scholarships-sweden/","OPENS MID-OCT 2021","Read More","https://www.scholars4dev.com/6908/lund-university-scholarships-sweden/"
"Read More","https://www.scholars4dev.com/6908/lund-university-scholarships-sweden/","OPENS MID-OCT 2021","Read More","https://www.scholars4dev.com/6908/lund-university-scholarships-sweden/"
"Read More","https://www.scholars4dev.com/13349/epfl-excellence-fellowships/","","Read More","https://www.scholars4dev.com/13349/epfl-excellence-fellowships/"
"Read More","https://www.scholars4dev.com/13349/epfl-excellence-fellowships/","","Read More","https://www.scholars4dev.com/13349/epfl-excellence-fellowships/"
"Read More","https://www.scholars4dev.com/3630/free-online-education-at-university-of-the-people/","","Read More","https://www.scholars4dev.com/3630/free-online-education-at-university-of-the-people/"
"Read More","https://www.scholars4dev.com/3630/free-online-education-at-university-of-the-people/","","Read More","https://www.scholars4dev.com/3630/free-online-education-at-university-of-the-people/"
"Read More","https://www.scholars4dev.com/9763/eth-zurich-excellence-masters-scholarship-program/","OPENS 1 NOV 2021","Read More","https://www.scholars4dev.com/9763/eth-zurich-excellence-masters-scholarship-program/"
"Read More","https://www.scholars4dev.com/9763/eth-zurich-excellence-masters-scholarship-program/","OPENS 1 NOV 2021","Read More","https://www.scholars4dev.com/9763/eth-zurich-excellence-masters-scholarship-program/"
"Read More","https://www.scholars4dev.com/13831/singapore-international-graduate-award/","","Read More","https://www.scholars4dev.com/13831/singapore-international-graduate-award/"
"Read More","https://www.scholars4dev.com/13831/singapore-international-graduate-award/","","Read More","https://www.scholars4dev.com/13831/singapore-international-graduate-award/"
"Read More","https://www.scholars4dev.com/26146/swinburne-international-excellence-undergraduate-and-postgraduate-scholarships/","","Read More","https://www.scholars4dev.com/26146/swinburne-international-excellence-undergraduate-and-postgraduate-scholarships/"
"Read More","https://www.scholars4dev.com/26146/swinburne-international-excellence-undergraduate-and-postgraduate-scholarships/","","Read More","https://www.scholars4dev.com/26146/swinburne-international-excellence-undergraduate-and-postgraduate-scholarships/"
"Read More","https://www.scholars4dev.com/16130/melbourne-international-undergraduate-scholarships/","","Read More","https://www.scholars4dev.com/16130/melbourne-international-undergraduate-scholarships/"
"Read More","https://www.scholars4dev.com/16130/melbourne-international-undergraduate-scholarships/","","Read More","https://www.scholars4dev.com/16130/melbourne-international-undergraduate-scholarships/"
"Read More","https://www.scholars4dev.com/26018/waterloo-international-masters-award-of-excellence/","","Read More","https://www.scholars4dev.com/26018/waterloo-international-masters-award-of-excellence/"
"Read More","https://www.scholars4dev.com/26018/waterloo-international-masters-award-of-excellence/","","Read More","https://www.scholars4dev.com/26018/waterloo-international-masters-award-of-excellence/"
"Dundee Global Excellence Postgraduate Taught Scholarship","https://www.scholars4dev.com/25844/dundee-global-excellence-postgraduate-taught-scholarship/","University of Dundee
Masters Degree","Deadline: admissions deadline (Annual)
Study in: UK
Course starts Sep 2020/Jan 2021",""
"Read More","https://www.scholars4dev.com/25844/dundee-global-excellence-postgraduate-taught-scholarship/","","Read More","https://www.scholars4dev.com/25844/dundee-global-excellence-postgraduate-taught-scholarship/"
"Read More","https://www.scholars4dev.com/25844/dundee-global-excellence-postgraduate-taught-scholarship/","","Read More","https://www.scholars4dev.com/25844/dundee-global-excellence-postgraduate-taught-scholarship/"
"Read More","https://www.scholars4dev.com/25844/dundee-global-excellence-postgraduate-taught-scholarship/","","Read More","https://www.scholars4dev.com/25844/dundee-global-excellence-postgraduate-taught-scholarship/"
"Read More","https://www.scholars4dev.com/25837/lincoln-university-international-taught-master-merit-scholarships/","","Read More","https://www.scholars4dev.com/25837/lincoln-university-international-taught-master-merit-scholarships/"
"Read More","https://www.scholars4dev.com/25837/lincoln-university-international-taught-master-merit-scholarships/","","Read More","https://www.scholars4dev.com/25837/lincoln-university-international-taught-master-merit-scholarships/"
"Read More","https://www.scholars4dev.com/25906/sir-neil-isaac-scholarship-in-environmental-science-univeristy-canterbury/","OPENS END OF SEPT 2020","Read More","https://www.scholars4dev.com/25906/sir-neil-isaac-scholarship-in-environmental-science-univeristy-canterbury/"
"Read More","https://www.scholars4dev.com/25906/sir-neil-isaac-scholarship-in-environmental-science-univeristy-canterbury/","OPENS END OF SEPT 2020","Read More","https://www.scholars4dev.com/25906/sir-neil-isaac-scholarship-in-environmental-science-univeristy-canterbury/"
"Read More","https://www.scholars4dev.com/25405/university-of-auckland-international-student-excellence-scholarship/","OPENS 10 OCT 2020","Read More","https://www.scholars4dev.com/25405/university-of-auckland-international-student-excellence-scholarship/"
"Read More","https://www.scholars4dev.com/25405/university-of-auckland-international-student-excellence-scholarship/","OPENS 10 OCT 2020","Read More","https://www.scholars4dev.com/25405/university-of-auckland-international-student-excellence-scholarship/"
"Read More","https://www.scholars4dev.com/25456/university-of-waikato-international-excellence-scholarship/","","Read More","https://www.scholars4dev.com/25456/university-of-waikato-international-excellence-scholarship/"
"Read More","https://www.scholars4dev.com/25456/university-of-waikato-international-excellence-scholarship/","","Read More","https://www.scholars4dev.com/25456/university-of-waikato-international-excellence-scholarship/"
"Read More","https://www.scholars4dev.com/25672/anu-college-of-engineering-computer-science-international-postgraduate-excellence-scholarship/","","Read More","https://www.scholars4dev.com/25672/anu-college-of-engineering-computer-science-international-postgraduate-excellence-scholarship/"
"Read More","https://www.scholars4dev.com/25672/anu-college-of-engineering-computer-science-international-postgraduate-excellence-scholarship/","","Read More","https://www.scholars4dev.com/25672/anu-college-of-engineering-computer-science-international-postgraduate-excellence-scholarship/"
"Read More","https://www.scholars4dev.com/25562/friedrich-naumann-foundation-scholarship-for-international-students/","OPENS 1 OCT 2021","Read More","https://www.scholars4dev.com/25562/friedrich-naumann-foundation-scholarship-for-international-students/"
"Read More","https://www.scholars4dev.com/25562/friedrich-naumann-foundation-scholarship-for-international-students/","OPENS 1 OCT 2021","Read More","https://www.scholars4dev.com/25562/friedrich-naumann-foundation-scholarship-for-international-students/"
"Read More","https://www.scholars4dev.com/25023/imd-mba-diversity-scholarships/","","Read More","https://www.scholars4dev.com/25023/imd-mba-diversity-scholarships/"
"Read More","https://www.scholars4dev.com/25023/imd-mba-diversity-scholarships/","","Read More","https://www.scholars4dev.com/25023/imd-mba-diversity-scholarships/"
"Read More","https://www.scholars4dev.com/25014/american-university-online-program-scholarships/","","Read More","https://www.scholars4dev.com/25014/american-university-online-program-scholarships/"
"Read More","https://www.scholars4dev.com/25014/american-university-online-program-scholarships/","","Read More","https://www.scholars4dev.com/25014/american-university-online-program-scholarships/"
"Peace Studies and International Development Scholarship at University of Bradford","https://www.scholars4dev.com/24928/peace-studies-and-international-development-scholarship-at-university-of-bradford/","University of Bradford
Masters Degree","Deadline: Not specified (Annual)
Study in: UK
Course starts September 2020",""
"Read More","https://www.scholars4dev.com/24928/peace-studies-and-international-development-scholarship-at-university-of-bradford/","","Read More","https://www.scholars4dev.com/24928/peace-studies-and-international-development-scholarship-at-university-of-bradford/"
"Read More","https://www.scholars4dev.com/24928/peace-studies-and-international-development-scholarship-at-university-of-bradford/","","Read More","https://www.scholars4dev.com/24928/peace-studies-and-international-development-scholarship-at-university-of-bradford/"
"Read More","https://www.scholars4dev.com/24928/peace-studies-and-international-development-scholarship-at-university-of-bradford/","","Read More","https://www.scholars4dev.com/24928/peace-studies-and-international-development-scholarship-at-university-of-bradford/"
"Read More","https://www.scholars4dev.com/15839/the-glenmore-medical-postgraduate-scholarship-at-the-university-of-edinburgh/","","Read More","https://www.scholars4dev.com/15839/the-glenmore-medical-postgraduate-scholarship-at-the-university-of-edinburgh/"
"Read More","https://www.scholars4dev.com/15839/the-glenmore-medical-postgraduate-scholarship-at-the-university-of-edinburgh/","","Read More","https://www.scholars4dev.com/15839/the-glenmore-medical-postgraduate-scholarship-at-the-university-of-edinburgh/"
"Read More","https://www.scholars4dev.com/2467/aga-khan-international-scholarships-for-developing-countrie/","","Read More","https://www.scholars4dev.com/2467/aga-khan-international-scholarships-for-developing-countrie/"
"Read More","https://www.scholars4dev.com/2467/aga-khan-international-scholarships-for-developing-countrie/","","Read More","https://www.scholars4dev.com/2467/aga-khan-international-scholarships-for-developing-countrie/"
"Read More","https://www.scholars4dev.com/3482/international-undergraduate-scholarships-at-humber-college-canada/","","Read More","https://www.scholars4dev.com/3482/international-undergraduate-scholarships-at-humber-college-canada/"
"Read More","https://www.scholars4dev.com/3482/international-undergraduate-scholarships-at-humber-college-canada/","","Read More","https://www.scholars4dev.com/3482/international-undergraduate-scholarships-at-humber-college-canada/"
"Read More","https://www.scholars4dev.com/5680/japanese-government-scholarships-for-international-undergraduate-students/","","Read More","https://www.scholars4dev.com/5680/japanese-government-scholarships-for-international-undergraduate-students/"
"Read More","https://www.scholars4dev.com/5680/japanese-government-scholarships-for-international-undergraduate-students/","","Read More","https://www.scholars4dev.com/5680/japanese-government-scholarships-for-international-undergraduate-students/"
"Read More","https://www.scholars4dev.com/16122/imd-mba-class-scholarship-for-emerging-markets/","","Read More","https://www.scholars4dev.com/16122/imd-mba-class-scholarship-for-emerging-markets/"
"Read More","https://www.scholars4dev.com/16122/imd-mba-class-scholarship-for-emerging-markets/","","Read More","https://www.scholars4dev.com/16122/imd-mba-class-scholarship-for-emerging-markets/"
"Read More","https://www.scholars4dev.com/3023/international-postgraduate-scholarships-at-australian-universities/","","Read More","https://www.scholars4dev.com/3023/international-postgraduate-scholarships-at-australian-universities/"
"Read More","https://www.scholars4dev.com/3023/international-postgraduate-scholarships-at-australian-universities/","","Read More","https://www.scholars4dev.com/3023/international-postgraduate-scholarships-at-australian-universities/"
"Read More","https://www.scholars4dev.com/1331/university-of-melbourne-research-scholarships-for-international-students/","","Read More","https://www.scholars4dev.com/1331/university-of-melbourne-research-scholarships-for-international-students/"
"Read More","https://www.scholars4dev.com/1331/university-of-melbourne-research-scholarships-for-international-students/","","Read More","https://www.scholars4dev.com/1331/university-of-melbourne-research-scholarships-for-international-students/"
"Read More","https://www.scholars4dev.com/3355/cimo-international-research-fellowships/","","Read More","https://www.scholars4dev.com/3355/cimo-international-research-fellowships/"
"Read More","https://www.scholars4dev.com/3355/cimo-international-research-fellowships/","","Read More","https://www.scholars4dev.com/3355/cimo-international-research-fellowships/"
"Fondation Rainbow Bridge MBA Scholarships for African and Asian Women","https://www.scholars4dev.com/3334/fondation-rainbow-bridge-mba-scholarships-for-african-and-asian-women/","Fondation Rainbow Bridge/HEC
MBA Degree","Deadline: 15 Jun/26 Nov 2018 (annual)
Study in: Paris, France
Next course starts Sept 2018/Jan 2019",""
"Read More","https://www.scholars4dev.com/3334/fondation-rainbow-bridge-mba-scholarships-for-african-and-asian-women/","","Read More","https://www.scholars4dev.com/3334/fondation-rainbow-bridge-mba-scholarships-for-african-and-asian-women/"
"Read More","https://www.scholars4dev.com/3334/fondation-rainbow-bridge-mba-scholarships-for-african-and-asian-women/","","Read More","https://www.scholars4dev.com/3334/fondation-rainbow-bridge-mba-scholarships-for-african-and-asian-women/"
"Read More","https://www.scholars4dev.com/3334/fondation-rainbow-bridge-mba-scholarships-for-african-and-asian-women/","","Read More","https://www.scholars4dev.com/3334/fondation-rainbow-bridge-mba-scholarships-for-african-and-asian-women/"
"Read More","https://www.scholars4dev.com/17840/sustainability-masters-scholarships-at-university-of-leeds/","","Read More","https://www.scholars4dev.com/17840/sustainability-masters-scholarships-at-university-of-leeds/"
"Read More","https://www.scholars4dev.com/17840/sustainability-masters-scholarships-at-university-of-leeds/","","Read More","https://www.scholars4dev.com/17840/sustainability-masters-scholarships-at-university-of-leeds/"
"Read More","https://www.scholars4dev.com/17051/fondation-hoffman-scholarship-at-university-of-the-people/","","Read More","https://www.scholars4dev.com/17051/fondation-hoffman-scholarship-at-university-of-the-people/"
"Read More","https://www.scholars4dev.com/17051/fondation-hoffman-scholarship-at-university-of-the-people/","","Read More","https://www.scholars4dev.com/17051/fondation-hoffman-scholarship-at-university-of-the-people/"
"Read More","https://www.scholars4dev.com/5304/masters-phd-scholarships-for-international-students-at-canada-manitoba-university/","","Read More","https://www.scholars4dev.com/5304/masters-phd-scholarships-for-international-students-at-canada-manitoba-university/"
"Read More","https://www.scholars4dev.com/5304/masters-phd-scholarships-for-international-students-at-canada-manitoba-university/","","Read More","https://www.scholars4dev.com/5304/masters-phd-scholarships-for-international-students-at-canada-manitoba-university/"
"Read More","https://www.scholars4dev.com/11672/edinburgh-global-health-academy-masters-scholarship/","","Read More","https://www.scholars4dev.com/11672/edinburgh-global-health-academy-masters-scholarship/"
"Read More","https://www.scholars4dev.com/11672/edinburgh-global-health-academy-masters-scholarship/","","Read More","https://www.scholars4dev.com/11672/edinburgh-global-health-academy-masters-scholarship/"
"Read More","https://www.scholars4dev.com/15678/anu-international-university-scholarship/","","Read More","https://www.scholars4dev.com/15678/anu-international-university-scholarship/"
"Read More","https://www.scholars4dev.com/15678/anu-international-university-scholarship/","","Read More","https://www.scholars4dev.com/15678/anu-international-university-scholarship/"
"Read More","https://www.scholars4dev.com/12290/mexican-government-scholarships-for-foreign-students/","","Read More","https://www.scholars4dev.com/12290/mexican-government-scholarships-for-foreign-students/"
"Read More","https://www.scholars4dev.com/12290/mexican-government-scholarships-for-foreign-students/","","Read More","https://www.scholars4dev.com/12290/mexican-government-scholarships-for-foreign-students/"
"Read More","https://www.scholars4dev.com/2514/chinese-government-scholarships-for-international-students/","","Read More","https://www.scholars4dev.com/2514/chinese-government-scholarships-for-international-students/"
"Read More","https://www.scholars4dev.com/2514/chinese-government-scholarships-for-international-students/","","Read More","https://www.scholars4dev.com/2514/chinese-government-scholarships-for-international-students/"
"Read More","https://www.scholars4dev.com/4245/kaad-scholarships-for-developing-countries/","","Read More","https://www.scholars4dev.com/4245/kaad-scholarships-for-developing-countries/"
"Read More","https://www.scholars4dev.com/4245/kaad-scholarships-for-developing-countries/","","Read More","https://www.scholars4dev.com/4245/kaad-scholarships-for-developing-countries/"
"Taiwan Government Scholarships for International Students","https://www.scholars4dev.com/3103/taiwan-government-scholarships-for-international-students/","Government of Taiwan
Bachelors/Masters/PhD Degree","Deadline: 31 March (annual)
Study in: Taiwan
Course starts September 2019",""
"Read More","https://www.scholars4dev.com/3103/taiwan-government-scholarships-for-international-students/","","Read More","https://www.scholars4dev.com/3103/taiwan-government-scholarships-for-international-students/"
"Read More","https://www.scholars4dev.com/3103/taiwan-government-scholarships-for-international-students/","","Read More","https://www.scholars4dev.com/3103/taiwan-government-scholarships-for-international-students/"
"Read More","https://www.scholars4dev.com/3103/taiwan-government-scholarships-for-international-students/","","Read More","https://www.scholars4dev.com/3103/taiwan-government-scholarships-for-international-students/"
"Read More","https://www.scholars4dev.com/3426/japanese-government-scholarships-for-international-students/","","Read More","https://www.scholars4dev.com/3426/japanese-government-scholarships-for-international-students/"
"Read More","https://www.scholars4dev.com/3426/japanese-government-scholarships-for-international-students/","","Read More","https://www.scholars4dev.com/3426/japanese-government-scholarships-for-international-students/"
"Read More","https://www.scholars4dev.com/3729/idb-scholarships-for-muslims/","","Read More","https://www.scholars4dev.com/3729/idb-scholarships-for-muslims/"
"Read More","https://www.scholars4dev.com/3729/idb-scholarships-for-muslims/","","Read More","https://www.scholars4dev.com/3729/idb-scholarships-for-muslims/"
"Read More","https://www.scholars4dev.com/6075/getma-scholarships-for-international-students-turkey-germany/","","Read More","https://www.scholars4dev.com/6075/getma-scholarships-for-international-students-turkey-germany/"
"Read More","https://www.scholars4dev.com/6075/getma-scholarships-for-international-students-turkey-germany/","","Read More","https://www.scholars4dev.com/6075/getma-scholarships-for-international-students-turkey-germany/"
"Read More","https://www.scholars4dev.com/698/searca-ms-phd-scholarships-in-agriculture-for-seameo-countries/","","Read More","https://www.scholars4dev.com/698/searca-ms-phd-scholarships-in-agriculture-for-seameo-countries/"
"Read More","https://www.scholars4dev.com/698/searca-ms-phd-scholarships-in-agriculture-for-seameo-countries/","","Read More","https://www.scholars4dev.com/698/searca-ms-phd-scholarships-in-agriculture-for-seameo-countries/"
"Read More","https://www.scholars4dev.com/10964/danish-government-scholarships-at-university-college-of-northern-denmark/","","Read More","https://www.scholars4dev.com/10964/danish-government-scholarships-at-university-college-of-northern-denmark/"
"Read More","https://www.scholars4dev.com/10964/danish-government-scholarships-at-university-college-of-northern-denmark/","","Read More","https://www.scholars4dev.com/10964/danish-government-scholarships-at-university-college-of-northern-denmark/"
"Read More","https://www.scholars4dev.com/6165/curtin-university-scholarships-for-international-students/","","Read More","https://www.scholars4dev.com/6165/curtin-university-scholarships-for-international-students/"
"Read More","https://www.scholars4dev.com/6165/curtin-university-scholarships-for-international-students/","","Read More","https://www.scholars4dev.com/6165/curtin-university-scholarships-for-international-students/"
"Read More","https://www.scholars4dev.com/5243/african-leadership-in-business-scholarships/","","Read More","https://www.scholars4dev.com/5243/african-leadership-in-business-scholarships/"
"Read More","https://www.scholars4dev.com/5243/african-leadership-in-business-scholarships/","","Read More","https://www.scholars4dev.com/5243/african-leadership-in-business-scholarships/"
"Read More","https://www.scholars4dev.com/2262/vlir-uos-training-scholarships-for-developing-countries/","","Read More","https://www.scholars4dev.com/2262/vlir-uos-training-scholarships-for-developing-countries/"
"Read More","https://www.scholars4dev.com/2262/vlir-uos-training-scholarships-for-developing-countries/","","Read More","https://www.scholars4dev.com/2262/vlir-uos-training-scholarships-for-developing-countries/"
"Canon Collins Postgraduate Scholarships for Africans","https://www.scholars4dev.com/1187/canon-collins-postgraduate-scholarships-for-africans/","Canon Collins Trust
MS/PhD Degree","Deadline: around August (annual)
Study in: South Africa
Next course starts 2014",""
"Read More","https://www.scholars4dev.com/1187/canon-collins-postgraduate-scholarships-for-africans/","","Read More","https://www.scholars4dev.com/1187/canon-collins-postgraduate-scholarships-for-africans/"
"Read More","https://www.scholars4dev.com/1187/canon-collins-postgraduate-scholarships-for-africans/","","Read More","https://www.scholars4dev.com/1187/canon-collins-postgraduate-scholarships-for-africans/"
"Read More","https://www.scholars4dev.com/1187/canon-collins-postgraduate-scholarships-for-africans/","","Read More","https://www.scholars4dev.com/1187/canon-collins-postgraduate-scholarships-for-africans/"
"Read More","https://www.scholars4dev.com/2327/guest-phd-scholarships-in-sweden/","CLOSED","Read More","https://www.scholars4dev.com/2327/guest-phd-scholarships-in-sweden/"
"Read More","https://www.scholars4dev.com/2327/guest-phd-scholarships-in-sweden/","CLOSED","Read More","https://www.scholars4dev.com/2327/guest-phd-scholarships-in-sweden/"
"Read More","https://www.scholars4dev.com/1246/kut-phd-scholarships-in-engineering-for-international-students/","","Read More","https://www.scholars4dev.com/1246/kut-phd-scholarships-in-engineering-for-international-students/"
"Read More","https://www.scholars4dev.com/1246/kut-phd-scholarships-in-engineering-for-international-students/","","Read More","https://www.scholars4dev.com/1246/kut-phd-scholarships-in-engineering-for-international-students/"
"Read More","https://www.scholars4dev.com/5599/university-of-oulu-international-masters-scholarship-programme/","","Read More","https://www.scholars4dev.com/5599/university-of-oulu-international-masters-scholarship-programme/"
"Read More","https://www.scholars4dev.com/5599/university-of-oulu-international-masters-scholarship-programme/","","Read More","https://www.scholars4dev.com/5599/university-of-oulu-international-masters-scholarship-programme/"
"Read More","https://www.scholars4dev.com/2061/iaf-grassroots-development-fellowships/","","Read More","https://www.scholars4dev.com/2061/iaf-grassroots-development-fellowships/"
"Read More","https://www.scholars4dev.com/2061/iaf-grassroots-development-fellowships/","","Read More","https://www.scholars4dev.com/2061/iaf-grassroots-development-fellowships/"
"Read More","https://www.scholars4dev.com/1651/lee-kong-chian-graduate-scholarships-at-national-university-of-singapore/","","Read More","https://www.scholars4dev.com/1651/lee-kong-chian-graduate-scholarships-at-national-university-of-singapore/"
"Read More","https://www.scholars4dev.com/1651/lee-kong-chian-graduate-scholarships-at-national-university-of-singapore/","","Read More","https://www.scholars4dev.com/1651/lee-kong-chian-graduate-scholarships-at-national-university-of-singapore/"
"Read More","https://www.scholars4dev.com/1440/east-west-center-graduate-degree-fellowships-for-asia-and-the-pacific/","","Read More","https://www.scholars4dev.com/1440/east-west-center-graduate-degree-fellowships-for-asia-and-the-pacific/"
"Read More","https://www.scholars4dev.com/1440/east-west-center-graduate-degree-fellowships-for-asia-and-the-pacific/","","Read More","https://www.scholars4dev.com/1440/east-west-center-graduate-degree-fellowships-for-asia-and-the-pacific/"
"Read More","https://www.scholars4dev.com/2217/japan-imf-scholarships-for-asians/","","Read More","https://www.scholars4dev.com/2217/japan-imf-scholarships-for-asians/"
"Read More","https://www.scholars4dev.com/2217/japan-imf-scholarships-for-asians/","","Read More","https://www.scholars4dev.com/2217/japan-imf-scholarships-for-asians/"
"Read More","https://www.scholars4dev.com/2187/public-service-fellowships-for-african-women-at-nyu-wagner/","","Read More","https://www.scholars4dev.com/2187/public-service-fellowships-for-african-women-at-nyu-wagner/"
"Read More","https://www.scholars4dev.com/2187/public-service-fellowships-for-african-women-at-nyu-wagner/","","Read More","https://www.scholars4dev.com/2187/public-service-fellowships-for-african-women-at-nyu-wagner/"
"Mo Ibrahim Foundation MBA Scholarships for Sub-Saharan Africans at London Business School","https://www.scholars4dev.com/2770/mo-ibrahim-foundation-mba-scholarships-for-sub-saharan-africans-at-london-business-school/","London Business School
Masters Degree","Next Deadline: coincides with admission
Study in: London, UK
Course starts August 2020",""
"Read More","https://www.scholars4dev.com/2770/mo-ibrahim-foundation-mba-scholarships-for-sub-saharan-africans-at-london-business-school/","","Read More","https://www.scholars4dev.com/2770/mo-ibrahim-foundation-mba-scholarships-for-sub-saharan-africans-at-london-business-school/"
"Read More","https://www.scholars4dev.com/2770/mo-ibrahim-foundation-mba-scholarships-for-sub-saharan-africans-at-london-business-school/","","Read More","https://www.scholars4dev.com/2770/mo-ibrahim-foundation-mba-scholarships-for-sub-saharan-africans-at-london-business-school/"
"Read More","https://www.scholars4dev.com/2770/mo-ibrahim-foundation-mba-scholarships-for-sub-saharan-africans-at-london-business-school/","","Read More","https://www.scholars4dev.com/2770/mo-ibrahim-foundation-mba-scholarships-for-sub-saharan-africans-at-london-business-school/"
"Read More","https://www.scholars4dev.com/1944/iedc-mba-scholarships/","","Read More","https://www.scholars4dev.com/1944/iedc-mba-scholarships/"
"Read More","https://www.scholars4dev.com/1944/iedc-mba-scholarships/","","Read More","https://www.scholars4dev.com/1944/iedc-mba-scholarships/"
"Read More","https://www.scholars4dev.com/1774/sawise-scholarships-for-african-women/","","Read More","https://www.scholars4dev.com/1774/sawise-scholarships-for-african-women/"
"Read More","https://www.scholars4dev.com/1774/sawise-scholarships-for-african-women/","","Read More","https://www.scholars4dev.com/1774/sawise-scholarships-for-african-women/"
"Read More","https://www.scholars4dev.com/2979/erasmus-mundus-scholarships-for-developing-countries/","","Read More","https://www.scholars4dev.com/2979/erasmus-mundus-scholarships-for-developing-countries/"
"Read More","https://www.scholars4dev.com/2979/erasmus-mundus-scholarships-for-developing-countries/","","Read More","https://www.scholars4dev.com/2979/erasmus-mundus-scholarships-for-developing-countries/"
"Read More","https://www.scholars4dev.com/1312/japan-human-resource-development-scholarships-for-developing-countries-in-asia/","","Read More","https://www.scholars4dev.com/1312/japan-human-resource-development-scholarships-for-developing-countries-in-asia/"
"Read More","https://www.scholars4dev.com/1312/japan-human-resource-development-scholarships-for-developing-countries-in-asia/","","Read More","https://www.scholars4dev.com/1312/japan-human-resource-development-scholarships-for-developing-countries-in-asia/"
"Read More","https://www.scholars4dev.com/2349/nuffic-masters-fellowships-for-developing-countries/","CLOSED","Read More","https://www.scholars4dev.com/2349/nuffic-masters-fellowships-for-developing-countries/"
"Read More","https://www.scholars4dev.com/2349/nuffic-masters-fellowships-for-developing-countries/","CLOSED","Read More","https://www.scholars4dev.com/2349/nuffic-masters-fellowships-for-developing-countries/"
"Read More","https://www.scholars4dev.com/1787/mba-scholarships-for-developing-countries-at-hec/","","Read More","https://www.scholars4dev.com/1787/mba-scholarships-for-developing-countries-at-hec/"
"Read More","https://www.scholars4dev.com/1787/mba-scholarships-for-developing-countries-at-hec/","","Read More","https://www.scholars4dev.com/1787/mba-scholarships-for-developing-countries-at-hec/"
"Read More","https://www.scholars4dev.com/521/graca-machel-scholarship-programme-for-african-women/","","Read More","https://www.scholars4dev.com/521/graca-machel-scholarship-programme-for-african-women/"
"Read More","https://www.scholars4dev.com/521/graca-machel-scholarship-programme-for-african-women/","","Read More","https://www.scholars4dev.com/521/graca-machel-scholarship-programme-for-african-women/"